{"scalar": {"y_relapse": 52.21014019031016, "y_det": 29.011225367692244, "non_adherent_flag": 0.0033584808489888944}, "cb": {}}